{
  "n_trials": 5,
  "latencies_ms": [
    169.69565999897895,
    16.116344995680265,
    6.2666259982506745,
    51.899291000154335,
    159.74095400451915
  ],
  "median_ms": 51.899291000154335,
  "p95_ms": 167.704718800087,
  "budget_ms": 2000.0,
  "passed": true
}