{
  "n_trials": 5,
  "latencies_ms": [
    113.07976500029326,
    170.08656899997732,
    4.785424000147032,
    167.8747289988678,
    173.44322499775444
  ],
  "median_ms": 167.8747289988678,
  "p95_ms": 172.77189379819902,
  "budget_ms": 2000.0,
  "passed": true
}